{
  "base": {
    "SBP_MAE": 11.362031936645508,
    "SBP_STD": 12.065895080566406,
    "DBP_MAE": 7.18170166015625,
    "DBP_STD": 4.482603549957275
  },
  "feature_da": {
    "SBP_MAE": 7.484593391418457,
    "SBP_STD": 8.595109939575195,
    "DBP_MAE": 2.5454037189483643,
    "DBP_STD": 3.1859402656555176
  },
  "lwf": {
    "SBP_MAE": 8.99404525756836,
    "SBP_STD": 9.88422679901123,
    "DBP_MAE": 3.357874870300293,
    "DBP_STD": 3.54238224029541
  }
}