{
  "base": {
    "SBP_MAE": 11.362031936645508,
    "SBP_STD": 12.065895080566406,
    "DBP_MAE": 7.18170166015625,
    "DBP_STD": 4.482603549957275
  },
  "feature_da": {
    "SBP_MAE": 12.181083679199219,
    "SBP_STD": 13.78421401977539,
    "DBP_MAE": 2.9177520275115967,
    "DBP_STD": 3.7554032802581787
  },
  "lwf": {
    "SBP_MAE": 12.143438339233398,
    "SBP_STD": 13.625473976135254,
    "DBP_MAE": 3.459146499633789,
    "DBP_STD": 3.8854317665100098
  }
}