{
  "base": {
    "SBP_MAE": 11.362031936645508,
    "SBP_STD": 12.065895080566406,
    "DBP_MAE": 7.18170166015625,
    "DBP_STD": 4.482603549957275
  },
  "feature_da": {
    "SBP_MAE": 6.211752891540527,
    "SBP_STD": 7.3118896484375,
    "DBP_MAE": 2.3023622035980225,
    "DBP_STD": 2.623950958251953
  },
  "lwf": {
    "SBP_MAE": 8.015828132629395,
    "SBP_STD": 9.066590309143066,
    "DBP_MAE": 3.3147566318511963,
    "DBP_STD": 3.072693109512329
  }
}